Workbook
Name Slicer_grade: #N/A
Name Slicer_status: #N/A

Sheet Sheet1
A1: student record
A3: s,no | B3: student-name | C3: telugu | D3: english | E3: maths | F3: biology | G3: hindi | H3: social | I3: total | J3: percentage | K3: status | L3: grade
A4: 1 | B4: ramesh | C4: 45 | D4: 67 | E4: 36 | F4: 78 | G4: 32 | H4: 87 | I4: =SUM(C4:H4) -> 345 | J4: =I4/600 -> 0.575 | K4: =IF(MIN(C4:H4)>=35,"Pass","Fail") -> Fail | L4: =IF(K4="Fail","F",IF(J4>=90%,"A+",IF(J4>=80%,"A",IF(J4>=70%,"B",IF(J4>=60%,"C",IF(J4>=50%,"D","F")))))) -> F
A5: 2 | B5: bhavani | C5: 55 | D5: 88 | E5: 67 | F5: 88 | G5: 43 | H5: 98 | I5: =SUM(C5:H5) -> 439 | J5: =I5/600 -> 0.73166667 | K5: =IF(MIN(C5:H5)>=35,"Pass","Fail") -> Pass | L5: =IF(K5="Fail","F",IF(J5>=90%,"A+",IF(J5>=80%,"A",IF(J5>=70%,"B",IF(J5>=60%,"C",IF(J5>=50%,"D","F")))))) -> B
A6: 3 | B6: nithya | C6: 12 | D6: 23 | E6: 15 | F6: 32 | G6: 11 | H6: 32 | I6: =SUM(C6:H6) -> 125 | J6: =I6/600 -> 0.20833333 | K6: =IF(MIN(C6:H6)>=35,"Pass","Fail") -> Fail | L6: =IF(K6="Fail","F",IF(J6>=90%,"A+",IF(J6>=80%,"A",IF(J6>=70%,"B",IF(J6>=60%,"C",IF(J6>=50%,"D","F")))))) -> F
A7: 4 | B7: faran | C7: 39 | D7: 45 | E7: 69 | F7: 84 | G7: 65 | H7: 60 | I7: =SUM(C7:H7) -> 362 | J7: =I7/600 -> 0.60333333 | K7: =IF(MIN(C7:H7)>=35,"Pass","Fail") -> Pass | L7: =IF(K7="Fail","F",IF(J7>=90%,"A+",IF(J7>=80%,"A",IF(J7>=70%,"B",IF(J7>=60%,"C",IF(J7>=50%,"D","F")))))) -> C
A8: 5 | B8: dileep | C8: 55 | D8: 52 | E8: 70 | F8: 66 | G8: 76 | H8: 70 | I8: =SUM(C8:H8) -> 389 | J8: =I8/600 -> 0.64833333 | K8: =IF(MIN(C8:H8)>=35,"Pass","Fail") -> Pass | L8: =IF(K8="Fail","F",IF(J8>=90%,"A+",IF(J8>=80%,"A",IF(J8>=70%,"B",IF(J8>=60%,"C",IF(J8>=50%,"D","F")))))) -> C
B10: student performace analysis

Sheet Dashboard
A1: Name | B1: Percentage | D1: STUDENT SUMMARY DASHBOARD
A2: =Sheet1!B4 -> ramesh | B2: =Sheet1!J4 -> 0.575 | H2: status | I2: count
A3: =Sheet1!B5 -> bhavani | B3: =Sheet1!J5 -> 0.73166667 | D3: total students | E3: =COUNTA(Sheet1!B4:B8) -> 5 | H3: pass | I3: 3
A4: =Sheet1!B6 -> nithya | B4: =Sheet1!J6 -> 0.20833333 | D4: students passed | E4: =COUNTIF(Sheet1!K4:K8,"Pass") -> 3 | H4: fail | I4: 2
A5: =Sheet1!B7 -> faran | B5: =Sheet1!J7 -> 0.60333333 | D5: students failed | E5: =COUNTIF(Sheet1!K4:K8,"Fail") -> 2
A6: =Sheet1!B8 -> dileep | B6: =Sheet1!J8 -> 0.64833333 | D6: average percentage | E6: =AVERAGE(Sheet1!J4:J8) -> 0.55333333
